<?xml version="1.0" encoding="utf-8"?>
<root>
  <doclet-version-NOT-library-version>1.00</doclet-version-NOT-library-version>
  <b4x_version>9.30</b4x_version>
  <dependsOn>jcore</dependsOn>
  <dependsOn>jfx</dependsOn>
  <dependsOn>jxui</dependsOn>
  <dependsOn>jshell</dependsOn>
  <dependsOn>json</dependsOn>
  <class>
    <name>b4j.example.registry</name>
    <shortname>Registry</shortname>
    <method>
      <name>IsInitialized</name>
      <comment>Tests whether the object has been initialized.</comment>
      <returntype>boolean</returntype>
    </method>
    <method>
      <name DesignerName="CheckAndAddInStartup">_checkandaddinstartup</name>
      <returntype>String</returntype>
      <parameter>
        <name>AddInLocalMachineForAllUsersFalseOnlyForCurrentUser</name>
        <type>boolean</type>
      </parameter>
      <parameter>
        <name>ApplicationName</name>
        <type>String</type>
      </parameter>
      <parameter>
        <name>ExecutableNameAfterCreatingWithBuiltInB4JPackager11</name>
        <type>String</type>
      </parameter>
    </method>
    <method>
      <name DesignerName="Class_Globals">_class_globals</name>
      <returntype>String</returntype>
    </method>
    <method>
      <name DesignerName="Delete">_delete</name>
      <returntype>String</returntype>
      <parameter>
        <name>AddInLocalMachineForAllUsersFalseOnlyForCurrentUser</name>
        <type>boolean</type>
      </parameter>
      <parameter>
        <name>ApplicationName</name>
        <type>String</type>
      </parameter>
    </method>
    <method>
      <name DesignerName="Initialize">_initialize</name>
      <comment>Initializes the object. You can add parameters to this method if needed.
</comment>
      <returntype>String</returntype>
      <parameter>
        <name>ba</name>
        <type>anywheresoftware.b4a.BA</type>
      </parameter>
    </method>
  </class>
  <version>1</version>
</root>